<?xml version="1.0" encoding="utf-8"?>
<!--Jazz collectables, recently acquired-->

<rare>
	<title>Rare Jazz Collectibles
	<subtitle updated="2/9/2013">New Offerings</subtitle>
	</title>
	<item condition="VG" sku="JBR11-234">
		<artist>Louis Armstrong</artist>
		<record>Satchmo Serenedes</record>
		<year>1952</year>
		<label>Decca</label>		
		<priceus>$50</priceus>
		<priceuk>&#163;35</priceuk>
	</item>
	<item condition="EX"  sku="JBR11-256">
		<artist>Chris Connor</artist>
		<record>Chris Connor - Live</record>
		<year>1956</year>
		<label>Atlantic</label>		
		<priceus>$125</priceus>
		<priceuk>&#163;87.5</priceuk>
	</item>
	<item condition="EX"  sku="JBR11-265">
		<artist>Ella Fitzgerald</artist>
		<record>The Cole Porter Songbook</record>
		<year>1956</year>
		<label>Verve</label>		
		<priceus>$100</priceus>
		<priceuk>&#163;70</priceuk>
	</item>
	<item condition="EX"  sku="JBR11-278">
		<artist>George Shearing</artist>
		<record>I Hear Music</record>
		<year>1955</year>
		<label>MGM</label>		
		<priceus>$100</priceus>
		<priceuk>&#163;70</priceuk>
	</item>
	<item condition="VG"  sku="JBR11-282">
		<artist>Miles Davis</artist>
		<record>The Music of Al Cohn</record>
		<year>1952</year>
		<label>Prestige</label>		
		<priceus>$175</priceus>
		<priceuk/>
	</item>
	<message><![CDATA[
	Note to Collectors: The Jazz Warehouse specializes in locating hard-to-find records & books. You may download an extensive catalog of our collection. If you can't find what
you need, please contact us and we will perform search for the item(s) you specify.
]]></message>
</rare>
