<?xml version="1.0" encoding="UTF-8"?>
<!DOCTYPE INVENTORY [
    <!ELEMENT INVENTORY (CD)+> <!ELEMENT CD (TITLE,  ARTIST, FORMAT, YEAR, PRICE)> 
        <!ELEMENT TITLE   (#PCDATA)>
        <!ELEMENT ARTIST  (#PCDATA)>
        <!ELEMENT FORMAT  (#PCDATA)>
        <!ELEMENT YEAR    (#PCDATA)>
        <!ELEMENT PRICE    (#PCDATA)>
    ]
> 

<INVENTORY>
    <CD>
        <TITLE>Ten</TITLE>
        <ARTIST>Pearl Jam</ARTIST>
        <FORMAT>MP3</FORMAT>
        <YEAR>1991</YEAR>
        <PRICE>8.99</PRICE>
    </CD>
  </INVENTORY>
